,Unnamed: 0,Year,Month,U.S. Exports of Finished Petroleum Products Thousand Barrels per Day,U.S. Product Supplied of Finished Motor Gasoline Thousand Barrels,U.S. Crude Oil Production (million barrels per day),U.S. Electricity Consumption (billion kilowatthours per day),U.S. Heating Degree Days (degree days),U.S. Cooling Degree Days (degree days)
0,0,2023,11,2882,265335,13.31,10.08,505,20
1,1,2023,10,2811,281902,13.22,10.21,207,73
2,2,2023,9,2705,264971,13.25,11.82,46,203
3,3,2023,8,2911,288277,13.04,12.98,10,349
4,4,2023,7,3187,279416,12.93,12.81,5,390
5,5,2023,6,3181,278365,12.89,11.32,43,210
6,6,2023,5,2914,282251,12.69,9.96,145,109
7,7,2023,4,2633,269880,12.65,9.68,297,44
8,8,2023,3,3134,279211,12.77,10.24,585,32
9,9,2023,2,2685,244016,12.53,10.77,621,20
10,10,2023,1,2919,256756,12.57,10.77,715,17
11,11,2022,12,3291,266473,12.14,10.95,781,11
12,12,2022,11,3141,264805,12.38,10.13,511,23
13,13,2022,10,2833,273011,12.38,9.95,258,55
14,14,2022,9,3345,265399,12.33,11.73,44,202
15,15,2022,8,3346,282576,11.99,12.97,6,359
16,16,2022,7,3260,273158,11.83,12.96,4,394
17,17,2022,6,3255,272253,11.8,11.96,26,270
18,18,2022,5,3159,282692,11.73,10.36,122,147
19,19,2022,4,3177,263962,11.77,9.86,342,49
20,20,2022,3,2976,279159,11.81,10.19,525,27
21,21,2022,2,2695,242205,11.26,11.31,712,11
22,22,2022,1,2546,249918,11.48,11.32,914,8
23,23,2021,12,3214,275262,11.68,10.31,616,26
24,24,2021,11,2912,270632,11.78,9.96,509,18
25,25,2021,10,2724,279835,11.56,10.12,180,84
26,26,2021,9,2547,267974,10.92,11.59,40,200
27,27,2021,8,2828,284652,11.28,12.7,6,357
28,28,2021,7,3064,288209,11.39,12.47,5,347
29,29,2021,6,2949,280850,11.37,11.67,12,274
30,30,2021,5,2718,281504,11.39,9.71,151,100
31,31,2021,4,2681,265181,11.32,9.44,308,36
32,32,2021,3,2399,265148,11.35,9.88,508,28
33,33,2021,2,2281,219060,9.92,11.06,794,12
34,34,2021,1,2415,239423,11.14,10.77,805,10
35,35,2020,12,2835,243518,11.17,10.56,751,7
36,36,2020,11,2608,240041,11.2,9.61,423,32
37,37,2020,10,2635,257809,10.46,9.93,248,82
38,38,2020,9,2712,256233,10.93,11.12,58,181
39,39,2020,8,2838,264247,10.58,12.29,7,356
40,40,2020,7,2770,262269,11.0,12.63,5,398
41,41,2020,6,2572,248746,10.45,11.05,25,246
42,42,2020,5,1883,223138,9.71,9.21,157,105
43,43,2020,4,2786,175973,11.91,9.1,360,42
44,44,2020,3,3346,241149,12.8,9.73,485,42
45,45,2020,2,3341,262463,12.84,10.57,653,12
46,46,2020,1,3318,270430,12.85,10.59,741,15
47,47,2019,12,3417,278108,12.98,10.4,717,13
48,48,2019,11,3283,276272,13.0,9.92,591,16
49,49,2019,10,3165,288554,12.8,10.32,255,75
50,50,2019,9,3340,275925,12.58,11.75,41,242
51,51,2019,8,3467,304844,12.48,12.43,10,335
52,52,2019,7,3062,295522,11.9,12.54,5,373
53,53,2019,6,3202,291099,12.22,11.11,34,226
54,54,2019,5,3125,294420,12.15,9.94,159,129
55,55,2019,4,3160,282318,12.14,9.49,289,42
56,56,2019,3,3143,284706,11.91,10.12,634,18
57,57,2019,2,3335,254011,11.65,10.96,721,18
58,58,2019,1,3336,272130,11.87,11.0,861,9
59,59,2018,12,3734,284535,11.94,10.47,733,11
60,60,2018,11,3706,278712,11.89,10.08,595,18
61,61,2018,10,3565,288109,11.51,10.35,254,69
62,62,2018,9,3206,274577,11.44,11.64,38,230
63,63,2018,8,3193,303123,11.39,12.72,7,351
64,64,2018,7,3478,298852,10.9,12.52,4,376
65,65,2018,6,3405,293911,10.64,11.67,26,269
66,66,2018,5,3488,294973,10.43,10.16,86,173
67,67,2018,4,3645,276179,10.5,9.65,412,32
68,68,2018,3,3418,293401,10.47,9.95,611,21
69,69,2018,2,3264,246292,10.26,10.85,627,23
70,70,2018,1,3158,272415,10.0,11.51,899,7
71,71,2017,12,3524,286643,9.98,10.47,800,10
72,72,2017,11,3553,273314,10.08,9.83,492,27
73,73,2017,10,3535,290071,9.67,10.03,193,77
74,74,2017,9,2921,281327,9.52,11.1,44,184
